<keymap version="1" name="IntelliJ IDEA Classic copy 1" parent="Mac OS X">
  <action id="ActivateDatabaseToolWindow">
    <keyboard-shortcut first-keystroke="alt d" />
  </action>
  <action id="CloseAllEditors">
    <keyboard-shortcut first-keystroke="meta f4" />
  </action>
  <action id="CloseContent">
    <keyboard-shortcut first-keystroke="meta w" />
  </action>
  <action id="EditorSelectWord" />
  <action id="NextTab">
    <keyboard-shortcut first-keystroke="alt l" />
  </action>
  <action id="PreviousTab">
    <keyboard-shortcut first-keystroke="alt j" />
  </action>
  <action id="Refresh">
    <keyboard-shortcut first-keystroke="alt f5" />
  </action>
  <action id="SaveAsTemplate">
    <keyboard-shortcut first-keystroke="meta alt j" />
  </action>
  <action id="SplitVertically">
    <keyboard-shortcut first-keystroke="alt period" />
  </action>
  <action id="SurroundWithLiveTemplate" />
  <action id="Tool_External Tools_NVim">
    <keyboard-shortcut first-keystroke="alt v" />
  </action>
</keymap>