<application>
  <component name="FeatureSuggesterSettings">
    <option name="workingDays">
      <list>
        <option value="1666912804476" />
        <option value="1667190547732" />
        <option value="1667268017974" />
        <option value="1667519787510" />
        <option value="1667781957063" />
        <option value="1667933754859" />
        <option value="1668040288492" />
        <option value="1668130735299" />
        <option value="1668181882584" />
        <option value="1668311503976" />
        <option value="1668386986681" />
        <option value="1668439389105" />
        <option value="1668534809903" />
        <option value="1668611156896" />
        <option value="1668697359338" />
        <option value="1669104454956" />
        <option value="1669244574283" />
        <option value="1669351811830" />
        <option value="1669596518127" />
        <option value="1669683866825" />
        <option value="1669769657265" />
        <option value="1669857523344" />
        <option value="1670203586764" />
        <option value="1670288707495" />
        <option value="1670396670056" />
        <option value="1670460513053" />
        <option value="1670545206668" />
        <option value="1670808072570" />
        <option value="1670891854455" />
        <option value="1670978597107" />
      </list>
    </option>
  </component>
</application>