<application>
  <component name="FileTypeManager" version="18">
    <extensionMap>
      <mapping pattern="README" type="AUTO_DETECTED" />
      <mapping ext="space.kts" type="Kotlin" />
      <mapping ext="gradle.kts" type="Kotlin" />
      <mapping ext="main.kts" type="Kotlin" />
      <mapping pattern=".ideavimrc" type="PLAIN_TEXT" />
      <mapping ext="sql" type="PLAIN_TEXT" />
      <mapping ext="dat" type="PLAIN_TEXT" />
      <mapping pattern="*playbook.yml" type="YAML" />
      <mapping pattern="*playbook.yaml" type="YAML" />
      <mapping pattern="main.yml" type="YAML" />
      <mapping pattern="main.yaml" type="YAML" />
      <removed_mapping ext="apk" approved="true" type="ARCHIVE" />
      <removed_mapping ext="csv" approved="true" type="CSV/TSV" />
      <removed_mapping ext="ignore" approved="true" type="IgnoreLang file" />
      <removed_mapping ext="psd" approved="true" type="Image" />
      <removed_mapping ext="qrc" approved="true" type="XML" />
      <removed_mapping ext="rs" approved="true" type="Android RenderScript" />
      <removed_mapping ext="sql" approved="true" type="SQL" />
      <removed_mapping ext="tsv" approved="true" type="CSV/TSV" />
      <removed_mapping pattern=".rvmrc" approved="true" type="PLAIN_TEXT" />
      <removed_mapping pattern="gemfile.lock" approved="true" type="PLAIN_TEXT" />
    </extensionMap>
  </component>
</application>