<application>
  <component name="NodeJsLocalInterpreterManager">
    <local-interpreter path="/usr/local/Cellar/node/18.11.0/bin/node">
      <version-cache version="18.11.0" last-modified="1666011025458" />
    </local-interpreter>
    <local-interpreter path="/usr/local/bin/node">
      <version-cache version="18.11.0" last-modified="1666011025458" />
    </local-interpreter>
    <local-interpreter path="/usr/local/Cellar/node/16.9.1/bin/node">
      <version-cache last-modified="0" />
    </local-interpreter>
    <local-interpreter path="/usr/local/Cellar/node/16.2.0/bin/node">
      <version-cache last-modified="0" />
    </local-interpreter>
    <local-interpreter path="$USER_HOME$/.config/nvm/versions/node/v14.16.0/bin/node">
      <version-cache last-modified="0" />
    </local-interpreter>
  </component>
</application>