<application>
  <component name="ProjectManager">
    <defaultProject>
      <component name="ClojureProjectResolveSettings">
        <currentScheme>IDE</currentScheme>
      </component>
      <component name="ComposerSettings">
        <execution />
      </component>
      <component name="ProjectViewState">
        <option name="hideEmptyMiddlePackages" value="true" />
        <option name="showLibraryContents" value="true" />
      </component>
      <component name="PropertiesComponent">
        <property name="go.import.settings.migrated" value="true" />
        <property name="project.structure.last.edited" value="Project" />
        <property name="project.structure.proportion" value="0.14941406" />
        <property name="project.structure.side.proportion" value="0.2" />
        <property name="settings.editor.selected.configurable" value="configurable.group.editor" />
      </component>
      <component name="RunManager">
        <configuration default="true" type="RubyRunConfigurationType" factoryName="Ruby">
          <RUBY_RUN_CONFIG NAME="RUBY_ARGS" VALUE="" />
          <RUBY_RUN_CONFIG NAME="WORK DIR" VALUE="" />
          <RUBY_RUN_CONFIG NAME="SHOULD_USE_SDK" VALUE="true" />
          <RUBY_RUN_CONFIG NAME="ALTERN_SDK_NAME" VALUE="ruby-2.6.3-p62" />
          <RUBY_RUN_CONFIG NAME="myPassParentEnvs" VALUE="true" />
          <EXTENSION ID="BundlerRunConfigurationExtension" bundleExecEnabled="false" />
          <EXTENSION ID="JRubyRunConfigurationExtension" NailgunExecEnabled="false" />
          <EXTENSION ID="RubyCoverageRunConfigurationExtension" track_test_folders="true" runner="rcov">
            <COVERAGE_PATTERN ENABLED="true">
              <PATTERN REGEXPS="/.rvm/" INCLUDED="false" />
            </COVERAGE_PATTERN>
          </EXTENSION>
          <EXTENSION ID="org.jetbrains.plugins.ruby.rails.run.RailsRunConfigurationExtension" SCRATCH_USE_RAILS_RUNNER="false" />
          <RUBY_RUN_CONFIG NAME="SCRIPT_PATH" VALUE="" />
          <RUBY_RUN_CONFIG NAME="SCRIPT_ARGS" VALUE="" />
          <method v="2">
            <option name="Make" enabled="true" />
          </method>
        </configuration>
      </component>
      <component name="masterDetails">
        <states>
          <state key="GlobalLibrariesConfigurable.UI" />
          <state key="JdkListConfigurable.UI" />
          <state key="ProjectJDKs.UI">
            <settings>
              <last-edited>1.8</last-edited>
              <splitter-proportions>
                <option name="proportions">
                  <list>
                    <option value="0.2" />
                  </list>
                </option>
              </splitter-proportions>
            </settings>
          </state>
          <state key="ProjectLibrariesConfigurable.UI">
            <settings>
              <splitter-proportions>
                <option name="proportions">
                  <list>
                    <option value="0.2" />
                  </list>
                </option>
              </splitter-proportions>
            </settings>
          </state>
        </states>
      </component>
    </defaultProject>
  </component>
</application>