<application>
  <component name="UISettings">
    <option name="CLOSE_TAB_BUTTON_ON_THE_RIGHT" value="false" />
    <option name="EDITOR_TAB_LIMIT" value="99" />
    <option name="MAX_LOOKUP_WIDTH2" value="1063" />
    <option name="OVERRIDE_NONIDEA_LAF_FONTS" value="true" />
    <option name="PRESENTATION_MODE_FONT_SIZE" value="22" />
    <option name="SHOW_INPLACE_COMMENTS" value="true" />
    <option name="SHOW_TOOL_WINDOW_NUMBERS" value="true" />
    <option name="showTreeIndentGuides" value="true" />
  </component>
</application>