<application>
  <component name="AppStorage">
    <histories>
      <item value="_等しい" />
      <item value="optimistic" />
      <item value="Optimistic Locking Failure Exception" />
      <item value="Data Retrieval Failure Exception" />
      <item value="ウォッチャー保存コントローラー" />
      <item value="集計期日閾値リポジトリ" />
      <item value="取得する" />
      <item value="make Person" />
      <item value="String" />
      <item value="Random" />
      <item value="exchange Count" />
      <item value="compare Count" />
    </histories>
    <option name="languageScores">
      <map>
        <entry key="ENGLISH" value="13" />
        <entry key="KOREAN" value="14" />
        <entry key="JAPANESE" value="1" />
      </map>
    </option>
  </component>
  <component name="Cache">
    <option name="lastTrimTime" value="1653355146072" />
  </component>
  <component name="Settings">
    <option name="googleTranslateSettings">
      <google-translate>
        <option name="primaryLanguage" value="KOREAN" />
      </google-translate>
    </option>
    <option name="targetLanguageSelection" value="LAST" />
  </component>
  <component name="Translation.Cache">
    <option name="lastTrimTime" value="1670924090862" />
  </component>
  <component name="Translation.States">
    <histories>
      <item value="Show Intention Actions" />
      <item value="nnoremap" />
    </histories>
    <option name="languageScores">
      <map>
        <entry key="ENGLISH" value="3" />
        <entry key="KOREAN" value="1" />
      </map>
    </option>
  </component>
</application>